0.000000000000000000e+00,4.183270361429146655e-01,3.169393210877943234e-01,-1.939146063733172554e-01,6.200305062703151959e-01,-3.154894644448102969e-02,1.813608280025108543e-01,3.088322645673137190e-01,-1.680740364071392490e-01,2.062344396916916400e-01,-1.431865719174852947e-01,6.956512852317775497e-02,6.409911856056071944e-01,-5.547889106520831337e-01,-3.145718462388131798e-01,-1.025605391542282474e-01,-9.800189845908924280e-02,7.040541796401168506e-01,2.276908441027316599e-01,-1.148365780066978870e-01,4.083465613625814061e-01,6.278051480335351542e-01,-1.146497123516976302e-01,-3.607035288311571941e-01,-6.069385528495867543e-01,3.089639684906380523e+00,4.153670436595571225e-01,-2.842656908163275098e+00,3.978707180582125247e+00,-3.957806048704017421e+00,-2.175555231941611822e+00,9.290965117957012964e-01,7.760829604648465718e+00,4.933185058365041620e-02,-4.952228037721145171e+00,1.915731622775237897e+00,-1.250179614890089219e+00,-4.756544483079494512e+00,2.621316198129685304e+00,-2.372599803698953735e+00,5.827317126629224298e+00,-6.136246455419165358e-01,5.796227169919663247e-01,-2.056454143845347637e+00,-1.164269764606196134e+00,-6.244726832354110080e+00,1.129788680577161974e+00,1.230718289285719358e+00,8.375481886065827553e-02,2.417284765997602669e+00
8.245943293375909144e-01,0.000000000000000000e+00,-5.395400609171667750e-01,2.544774899236054155e-01,7.789907478129520779e-01,-7.839867468179662069e-02,7.438079083192694618e-01,-5.713002646051335010e-01,-1.162315528004120857e-01,1.823344614294787336e-01,2.708799797079185501e-01,-4.573083209617134770e-03,5.569698886693864592e-01,-7.531337167207829975e-02,1.577756608505676006e-03,-1.055928038996138962e-01,2.703352947869029910e-01,-5.269497107618681397e-02,8.140915169162392662e-01,6.068196206654913327e-01,1.772260022866859464e-01,9.481183270861155421e-01,-8.389079484892181249e-02,-3.808032117878372702e-01,-3.427294452800562219e-01,2.217131776643022967e+00,6.986937664864592890e+00,-2.895373490627437540e-01,-2.509288032919882561e+00,-1.203432577624673261e+00,2.714466247286162481e-01,1.190720441405832997e+00,1.105275318273208640e+01,-1.969016570775017350e+00,2.513732812869003297e+00,6.932680737795824832e+00,-4.582765150532810416e+00,-3.450020178216055555e-01,-3.313001476456119754e+00,-2.427034608234207358e+00,6.081522351474624166e+00,4.352161103771679862e+00,-8.033541473878789141e-01,-5.562772454210502815e+00,3.414161730642635284e+00,1.636899755857861294e-01,3.478517427269404827e+00,-1.775902926774614699e+00,-6.389203868151594357e+00,3.308229668819401503e+00
6.170645168869165476e-01,-2.202108483497333680e-01,0.000000000000000000e+00,-5.107697660301502296e-03,-4.195098070154146264e-02,5.125149428439349508e-01,3.602470972849383113e-01,2.738385290314648834e-02,-9.937930068483535884e-02,5.668842916433870505e-01,-1.289476304162863185e-01,-2.677847585602392000e-01,1.323177164034630149e-01,-2.137434905793574869e-01,-4.715867677451195394e-01,-5.563433944265141484e-01,1.986016261879492983e-01,5.462036875244709044e-01,2.550785600764891026e-01,2.891274658696190158e-01,1.733065146150482017e-01,2.419678029646900042e-01,-4.984949135818563803e-01,2.678915505266085129e-01,-2.275887148560887807e-01,9.960920778039688006e-01,7.459661787343083716e+00,-7.528757726753618762e-01,1.123299784916483191e+00,-6.454266005246147131e+00,-5.282838680212853966e+00,-1.802420489472067455e+00,5.253152014770660294e+00,-2.990556825247894235e-01,3.839484117086879422e+00,-3.626864351866652125e-01,3.595365948647761378e+00,-3.717109138092804521e+00,1.085522304887885259e+00,-7.877747893197124540e-01,2.674673374865690789e+00,3.764251663277147220e+00,-5.183415923860811958e+00,-3.283962963170306004e-01,6.909896301740223734e+00,1.375346183691195989e+00,4.324652447003881406e+00,-2.418430225147938373e-01,-8.680015876257263230e-01,3.213152398150263878e+00
6.066064128235146846e-01,4.893699702891763925e-01,1.948339627171400412e-01,0.000000000000000000e+00,2.342601488456033110e-01,6.869353982570181039e-01,2.954208850957703580e-01,2.888988176420507203e-01,3.222969676292198882e-01,2.432817128531071793e-01,6.175831356101191272e-02,-5.543687274714328428e-01,9.813794408151155224e-01,-4.508149800516769723e-02,-5.306976056215687576e-01,1.536177932206229668e-01,3.653944396455250931e-01,6.192083527447109770e-01,9.062878728108783033e-01,-1.201595614276563806e-01,3.044260548017151402e-01,5.196889222629319516e-01,3.737016322550631431e-01,5.001834228738633037e-02,-6.318688968854594412e-01,2.063260758861970245e+00,2.590719031387415772e+00,-4.984688605086541102e+00,-1.712325744413183415e-01,-1.615774196539072616e+00,1.918184492934042362e+00,-2.786432750571168349e+00,4.931154413553739957e+00,3.518633957990999761e+00,-1.949069744596780840e+00,2.411856387953587699e+00,2.869556765514809982e+00,-6.726129080092277945e-01,-1.718777360056845893e+00,-4.417875800869168756e+00,2.163991313937700944e+00,-2.915442195393652902e+00,-6.750779672593216763e-01,-6.066929806885426046e-01,4.544890088759807156e+00,-6.920757322264339706e+00,8.059903500573388779e-01,-1.380679395642546492e+00,-9.614493039917714867e+00,2.734818111589071954e+00
2.824136701398215488e-01,9.990415476922165361e-02,-4.841491397266801666e-01,8.244838400040144233e-02,0.000000000000000000e+00,4.443700269272534698e-01,4.404088332700499819e-01,1.017719550263909145e-01,5.824100349953955646e-01,8.457374427254216176e-02,6.466646049271729257e-02,-6.420145669715061620e-01,6.785526686622356252e-03,1.080207716204536483e-01,7.515285400807636407e-02,2.694123344791432562e-02,-2.446792022723994764e-01,5.071732437999096899e-01,6.390393404271600408e-01,1.242607365886124748e-01,-3.468681637747869084e-01,6.916425350838311115e-01,-5.680116413928580910e-01,1.827736851621752923e-02,-2.847794915531965954e-01,2.107718880018266461e+00,2.190458677519549813e+00,-3.783786825338133930e+00,-2.109477961196575269e+00,-1.051643952628464884e+00,-8.667957966838881756e-01,1.393125832622196913e+00,5.004644094779808761e+00,-4.145812941768839188e+00,-1.152294763582901282e+00,1.654088672554199002e+00,2.958463941964832866e-01,-3.450539963422453837e+00,-1.314204466673749572e-01,-6.887069809980711277e+00,3.834575021505948200e+00,5.481050629956495612e+00,6.760278356375857278e-01,-2.003469374168687089e+00,5.623577153611053703e+00,-2.341829286262863796e+00,2.499105018259897726e+00,3.052574483089782298e+00,-1.481723684576179867e+00,1.854855535702214731e+00
5.201797947029900282e-01,4.712223794191794379e-02,6.900869481360349944e-02,5.062644398254982914e-01,6.218599585947159891e-01,0.000000000000000000e+00,4.786477453472528509e-01,-4.407909131052831775e-01,-2.231304240995827248e-01,5.176521916437578641e-01,3.218790195377293495e-01,-3.274450591649918918e-01,8.512486370717003981e-01,-3.791024376395850659e-01,-1.576355216707192586e-01,1.892928664936064376e-01,5.995166544673434794e-01,8.156605570262019933e-01,7.310123465028154355e-01,2.554321850262192273e-01,-3.297522369499696904e-01,1.145269439729724725e-01,2.232105622315182503e-01,-3.990073088075718477e-02,-9.246412782396905561e-01,1.399042049277227528e+00,8.844591619025253593e+00,-1.711638945427141678e+00,-6.445579307291584570e-01,-1.880482135065775218e+00,-9.104280698475262223e-01,-3.798599108109237843e+00,5.023449689053117950e+00,3.289733178699314919e+00,-4.761145066506022872e-01,3.263558080749192847e+00,4.788130639503698660e+00,-1.663641530654621725e+00,-1.040978981342102427e+00,-7.107122631410930147e+00,8.421131194208413717e+00,4.453117586086916546e+00,-6.878919498612066086e-01,-9.784319200788926807e-01,6.318531916889652322e+00,-1.449669887390484302e+00,8.090759823896483738e+00,-3.657603881096395337e+00,2.818876138909181872e+00,-4.468328956422766396e+00
-2.245740305599830400e-02,2.138822123558191679e-01,-2.737008496296094995e-01,-2.102646214846300987e-01,-1.115011404805074102e-01,5.427620319655427350e-01,0.000000000000000000e+00,-4.246826863102648453e-01,-4.504801060014795855e-02,-3.738851678821976110e-01,3.241848434941061452e-01,1.606600907252986321e-02,6.769099170846611946e-01,-9.932699341206063792e-02,1.806085773389644045e-01,-2.874235430245691836e-01,5.075225096618122267e-01,8.851419866245900936e-01,6.641947076273491124e-02,4.479106357190664189e-01,1.897101018401640138e-01,-3.052083073264433288e-03,-4.430160985556349518e-01,7.431583762557036898e-02,-7.283302228995891525e-01,-8.175827384845715251e-01,2.718251075347316803e+00,-3.936007943819017640e-01,2.911977257972140798e+00,-4.565863415563369720e+00,4.649897010785231544e+00,-5.441362275158700967e-02,3.885138985890034036e+00,-5.446617571551750636e+00,-6.033323669429897507e-01,3.571080770179566599e+00,8.168593551900185101e-01,-3.489355296478167112e+00,1.227472413748509794e+00,-2.764243224280654943e+00,-1.008517945813923511e+00,-7.406740771859161576e-01,-1.462351877309602255e+00,-4.841040092894495217e+00,2.097292844452208094e+00,-1.695347203798445612e+00,6.720082918870120992e+00,-2.321993122478595684e+00,-4.504407681076200376e+00,2.383404299418367955e+00
8.551268537231315747e-01,-2.865531999621228065e-01,2.814636473013144569e-01,-4.606090377566143257e-01,7.180154469154789165e-01,1.111671243015354138e-01,8.449084847280369237e-01,0.000000000000000000e+00,3.220311535032676087e-01,4.841968631297112191e-01,-3.823166560103263834e-02,-3.828634946292959196e-01,8.100243188834478358e-01,-2.902002980002610366e-01,1.477951893229113578e-01,1.746300471862504144e-01,-1.194675137936764830e-01,-3.825796467113684596e-02,7.793774134935551601e-01,-7.336076309375039184e-02,-3.460274409704656717e-01,6.967042181164793124e-01,-2.005338048504000659e-01,1.050939477558124890e-01,-7.798718208096243609e-01,5.079923587398126550e+00,6.911546894555614884e+00,-4.128944408815375944e+00,3.443476942141053598e+00,-1.536674483392627799e+00,6.894514267255404949e-01,-2.889804387549295583e+00,4.370519308465172781e-01,-2.177624769498551771e+00,1.659514549392481442e+00,5.271935532012355097e+00,-2.461726817847382343e+00,-4.425939138305245990e-01,-4.593158787007540766e-01,-3.470535392902983851e+00,1.765469530072539150e+00,-3.025657135918047302e+00,-4.648584967734383788e+00,-2.743333259384094447e+00,6.317482349278797926e+00,2.614973484314573327e-01,-1.516907929894261153e+00,-2.690099741763069208e+00,-5.940205021944826136e+00,-3.695507950854877599e+00
4.008906161636063281e-01,-5.715434448090139785e-02,2.133489295025997601e-01,4.157087714269144252e-01,5.961144238239149962e-01,-7.442443551813338054e-03,4.500004634878085330e-02,-1.933657780520666725e-01,0.000000000000000000e+00,2.953389077215389236e-01,-1.441828924069447071e-01,-4.896257929209512083e-01,9.473223680469821106e-01,3.001874446968799681e-02,-2.650702387866207266e-01,-4.662448417504783116e-01,-1.356623772022789165e-01,8.203087455443982545e-01,-5.263328984140802635e-02,-3.106955642457553957e-03,-6.534932466202858503e-02,-3.365270616683235794e-02,3.885687952863550176e-01,-2.984920800997692414e-01,-7.997679799895770492e-01,4.425061297192431908e+00,8.753878075528739089e+00,-1.747420465686317037e+00,3.670251960696070626e+00,-9.362661628048613238e+00,1.807700008830348315e+00,1.529154545011872646e+00,3.867502331751643041e+00,-8.675836525897706597e-01,-1.528337132756254491e-01,8.159517474392872227e-01,1.438426551375418638e+00,-2.939727999706463812e+00,-4.907707928154758648e+00,-1.165341170978777541e+00,3.211879905168204985e+00,8.337687306570500390e-01,1.135678281383940114e+00,-4.939567150068720380e+00,-1.163499718484544143e+00,3.254925927676602271e+00,8.909064699545503618e-01,-3.070159493386737992e+00,-1.077029340332457075e+01,4.061593033144079712e+00
-2.123787580006886166e-02,-6.631496972078110286e-02,-3.940565179581437816e-01,-4.757956923852227904e-01,8.189948723948748954e-01,2.972928193075399239e-01,4.306404971932309422e-02,-4.994905151744010174e-01,3.053874466677634070e-01,0.000000000000000000e+00,4.604493049256160875e-01,-5.069497816621593156e-01,8.634992534912990791e-01,2.109609233537994566e-01,-2.449845301886538484e-01,1.120711202678598140e-01,2.723694063275818866e-01,6.632825979851687537e-01,7.464685806106710064e-01,2.453439710461858825e-01,-7.884139888004737529e-04,7.386126788024426348e-01,3.557762640808780352e-01,2.960627468984369237e-01,-8.890244293145284082e-01,8.298193388283523930e+00,-3.097772064202413134e+00,4.314532803548517315e+00,1.443101379847807841e+00,-1.642987616437659337e+00,-3.201921935694655552e+00,-5.740672083336241016e+00,6.277337656893390516e+00,-1.218742735882168970e+00,-3.168140696553535030e+00,1.036517061878251100e+00,-3.259251093655565867e+00,-2.307022036722155889e+00,2.166899779962316863e+00,-5.477193993860189458e+00,2.594028330952658834e+00,7.607931285870650484e+00,-4.919351694682681853e+00,-3.366391205433321154e+00,7.543064024768630915e+00,-2.112866574626404148e+00,5.976025094862763787e+00,-2.619259183863890783e+00,-4.617664471526783387e+00,1.629618327216062035e+00
6.540219772919968477e-01,-3.991371121801566835e-01,9.437746649476608241e-02,-1.819272599988244199e-01,7.128353069067429049e-01,8.228677248532968447e-01,5.821638944328750842e-01,-5.782396735823992495e-01,-2.168055398286276025e-01,-1.013008800803117948e-01,0.000000000000000000e+00,-3.656983519507094327e-01,3.230192562363485287e-01,-1.698310972934963248e-01,1.622954916891760080e-01,-2.017978551940788901e-01,4.077489035138603946e-01,3.809446870725219370e-02,5.395562048229347596e-01,5.423293611292182570e-01,-2.835697360100581932e-01,1.067168394090063366e-01,4.079945867244844093e-01,3.300359064641096296e-01,-1.186197411722405004e-01,6.309744060057803416e+00,5.835080465448713838e+00,-6.497112965238615701e+00,-1.859720557964968712e+00,-6.166255030821534255e+00,-9.801018837383195237e-01,6.872285789247891685e-01,6.214991244867807296e+00,-2.865075438179782275e+00,-5.983624595653015632e+00,2.543997894278206218e+00,1.007759892259203260e+00,-9.221365272782469091e-01,-5.976147043050912266e-01,-4.630078990991506771e+00,-6.635058710704009322e-01,2.119396904752974375e+00,-3.288300650726803109e+00,1.747025897187921117e+00,1.495894802476564145e+00,-3.891901057620305693e+00,3.841221646376501653e+00,-9.756966424664046400e-01,-7.446149689689184115e+00,3.043009217286853918e+00
1.962672313261140111e-01,2.588137636126695007e-01,-1.760927544478353424e-01,-2.156348972377464257e-02,7.299447936703684636e-01,9.020363630874328464e-02,3.188097396019242691e-01,3.722619256330499393e-01,-1.250145750973281622e-01,-1.657349852056050343e-01,-2.664081481999583945e-01,0.000000000000000000e+00,2.015005120729425059e-01,2.915291697354722711e-01,-1.315440201417246158e-01,-1.562185673791537388e-01,1.416882654466616875e-01,8.680449922719529754e-01,2.137104227112749388e-01,7.139236645613133980e-02,3.761456815853325697e-02,2.992016355913984516e-01,-7.452707965510563248e-02,-1.944799216456166713e-01,-8.033804640629934601e-01,1.281772232896904784e+00,-1.901911598817347393e+00,-3.607220699182422941e+00,2.357523908943820246e+00,-8.753951757470339601e+00,-3.108406850373517827e+00,-4.798438752882696612e-01,9.611108718487965774e+00,-5.680459853145261029e+00,3.168643014310613459e+00,1.720057395277634571e+00,-4.034724948613773954e+00,-5.106074301093684653e+00,5.860554931936019507e-01,-1.636970865860708280e+00,6.983186259393150408e-01,3.433309418089325327e-01,-2.561299680410680679e+00,-3.951049629865350798e+00,1.351784813111255090e+00,2.893275779847351181e+00,4.803206556145829254e+00,1.746605248996194959e+00,-1.906061680022799187e-01,-2.276533469457718617e+00
2.755446524617977122e-01,-2.362176419255836990e-01,-4.928158866196700183e-01,2.611843275927151486e-01,-1.189948630511572514e-01,7.265712250825974161e-01,8.343115933290042863e-01,3.100957863864904906e-01,-3.065602245232779133e-01,-2.085312442126358023e-01,-1.746234285678753828e-01,-6.318433727445166292e-01,0.000000000000000000e+00,-5.047245707369873990e-02,1.267493182023649023e-01,-1.719184604279272444e-01,6.599985482016292870e-01,5.227988397011562594e-01,2.578660404145753926e-01,6.154361837635846655e-04,-1.318375937644419293e-01,4.182766967677827852e-01,-5.518362254192918925e-01,-2.478734438823659847e-02,-9.682775876014657612e-01,3.957184372730535582e-01,-8.964507817197420181e-01,6.705554769366406376e-01,-2.078617539182326279e+00,-3.157142826846889960e+00,2.670099668195684561e-01,-4.224726050959052515e+00,3.710724062384534783e+00,4.333766729920514926e+00,-1.561291266283585166e+00,2.571648687934769306e+00,3.406217198264736012e+00,-6.968047227153810752e-01,2.470241023296827265e+00,-1.631405354816763520e+00,4.179017567364085473e+00,-2.174442114396200942e+00,-3.205463402392768835e+00,-3.145948097320236947e+00,5.455067044113741659e+00,-2.591590312567739751e+00,4.276578693999523395e+00,-5.254327031045268548e+00,-2.826542881585340172e+00,9.350464423850546325e-02
1.414942790823843222e-01,-2.802537509712728081e-01,-5.944483487085807649e-01,3.033552020996077569e-02,-4.198408453444690824e-02,6.410462048812186620e-01,5.709147148326132459e-01,-4.069039593920085185e-01,6.390006619542974997e-01,-8.018288027358266845e-02,4.332624089474687024e-01,-3.101950551307586235e-02,9.199366561661815878e-01,0.000000000000000000e+00,-3.369416942517334812e-01,-6.939067212153948727e-02,1.527622719900143533e-01,-2.763907418224742507e-03,3.053206836082426046e-01,9.072284392142448972e-02,1.983394745473461285e-01,2.754320033225354791e-02,5.782967334933886150e-02,1.089635151581865857e-01,-8.973926021703027001e-01,5.781875400043938740e+00,6.229344925948277378e+00,-1.163204929014978628e+00,1.377557600730928478e+00,-5.174435629525188318e+00,-7.018783623924698123e-01,2.630840770814087737e+00,9.836095087142888715e+00,-6.096135798206149481e+00,9.942749370368044737e-01,1.622470523212632854e+00,1.609338835369527709e+00,4.446341439302161191e+00,-1.411979772331421135e+00,-1.169008373882495455e+00,4.021249079562379869e+00,5.793312451361270377e+00,-6.569193252765206381e-01,1.211909446604046980e+00,-1.117828873400220413e+00,7.641509119571257003e-01,3.146558204790681046e+00,-4.008390320213127467e+00,1.027945497553620857e+00,-1.153469335307057086e+00
4.276380224882203596e-01,1.452235765719858129e-01,-2.974104426027325276e-01,-3.876588418193311902e-01,-5.437281247904102166e-02,-2.563223321512331232e-02,6.054033207835725072e-01,-2.874754793113698526e-01,-1.270045385453704156e-01,2.305209688477094510e-01,6.450838731673854687e-01,-3.476131318865949282e-01,1.588904438721125967e-01,1.574036395901005081e-01,0.000000000000000000e+00,-4.037199414171499523e-01,6.128445916858760167e-01,8.148015607769986124e-01,1.207290690647171427e-01,6.458252617885855695e-01,5.466592873675211184e-01,3.032440772288272912e-01,1.136471900986041339e-01,-5.003811247855486366e-01,-3.930195569020058510e-01,8.186759891447019655e+00,2.666685851530701257e-01,-2.629820248461833820e+00,-2.121905939024692600e+00,-4.905199492059266753e+00,6.716622817563255854e-01,1.809299107986305000e+00,4.608751658274271357e+00,-1.767706163348108594e+00,-3.002210013920063147e+00,2.752481857443874524e+00,-3.127393652523310585e+00,-5.009918127021099288e+00,4.039979537378982855e+00,-5.231433449763851939e+00,2.460506447834449162e+00,-1.075453457758451803e+00,6.889826233350739848e-01,1.451142091784896948e+00,9.550486097391517326e-01,1.592646959487253433e+00,3.379301569711352649e+00,2.831598019048981563e+00,-3.094642691603682660e+00,-4.008178557706365552e-01
8.535347802161553643e-01,-2.374623874542887147e-01,-5.514992166172062449e-01,3.955860025886926978e-01,6.736488009556210743e-01,2.157729562101251553e-02,8.363593646672232707e-01,1.574266157687845835e-01,-2.134231111029151196e-01,1.017543838836548753e-01,-9.306833844177397896e-02,-6.079190409924081218e-01,2.671894996939094824e-01,-4.200811286050479820e-01,2.021887066322819448e-01,0.000000000000000000e+00,1.247599224399670303e-01,2.215645136883217514e-01,4.504604335765566292e-01,-2.234882758463579977e-01,3.254196807222009546e-02,8.377994423818808656e-01,1.473291933915427121e-01,-7.714304881645772660e-02,-5.641525700475684690e-01,3.993025284890165949e+00,6.370951346812930183e+00,-2.236368924438501438e+00,1.868210168748174027e+00,-5.271282447807735139e+00,-7.327551285207123399e-01,-3.012102426073044903e+00,1.015006608129990617e+01,-3.059240048568479864e+00,1.191747791051788852e+00,9.719935930145851444e+00,-4.198628810076743267e-01,-8.847004552199191352e-01,-1.207345733453255576e-01,-3.546037627961697858e-01,3.586599071522150517e+00,3.941566551699729803e+00,1.985681821340357089e-01,-5.497013376670696339e-01,-1.226021722091387822e+00,2.893823010776076288e+00,6.379116898200378749e+00,2.353339355409467260e-02,-6.505349095011991878e-02,-2.349807570452258076e-01
4.591277765786416776e-02,3.504849036047241739e-01,-5.542663104677784114e-01,-2.160380381606374911e-03,-9.683423422569281680e-02,4.412948742845783645e-01,1.127871309018108059e-01,-2.573814949164909827e-01,-1.074098564594899718e-01,-8.773615773755005787e-02,1.748470039616942806e-01,-4.948018126474524880e-01,6.856642927540335108e-02,2.070731591483871981e-01,-4.113926458462328073e-01,-1.707583026282621930e-01,0.000000000000000000e+00,5.162135397019392835e-01,1.839286478199667618e-01,-1.411773416322438246e-01,4.716805327936448577e-01,1.100484522926727937e-01,1.751044738444250681e-01,4.722217296055427616e-01,-8.172888671027777052e-01,2.189577048135027404e+00,3.386652657736477057e+00,3.669324346546791737e+00,2.731768298692713870e+00,-5.624546874548174813e+00,2.135025230833089704e-01,-3.182556626845867154e+00,3.962969396427282298e+00,1.702008200812187289e+00,-1.905678413443691710e+00,2.078151148077469479e+00,-8.720541523731035749e-01,-1.908591313258055422e+00,-4.597342711669357485e+00,-5.917473777920978506e-01,-2.157100119226391222e+00,5.728685672675156937e+00,6.278793803891722369e-01,-3.058236401234073476e-01,4.480849064094185152e+00,-2.786685002526631649e+00,4.024124350740596157e+00,2.405455133217293984e+00,-4.697744352649023014e+00,-3.457267909571379860e-01
4.281019448661543825e-01,1.872788624319838835e-01,-5.448261606327532425e-01,-4.018100163763460575e-01,6.743190122179736345e-01,5.980392242416652238e-01,2.116576451514853296e-01,-4.755030890329026150e-02,3.370497577243181109e-02,1.314660128939642014e-01,-1.145891472053962579e-01,-1.789456781149059150e-01,3.131589071780482847e-02,7.901767526749348125e-02,-2.768019711503616476e-01,2.250328917774664372e-01,8.155909470184663501e-02,0.000000000000000000e+00,1.876560377091726073e-01,3.875173980147420538e-01,7.146298168862996736e-02,1.497960408628842277e-01,1.958589360183148331e-01,2.580767779761796721e-01,-8.920520797014186432e-01,7.385569328021995616e+00,4.759881445049959581e+00,-1.226009312302364762e+00,2.065633434898117571e-02,-5.087283591541375216e+00,5.788963754350675561e-01,4.261689778980050747e+00,3.776392814112856655e+00,-3.865490646517480755e+00,-4.218291712521311077e+00,3.828703500753369404e+00,-8.689349088552897893e-01,1.427620662285480790e+00,-8.374912049260196945e-01,-2.146189982131209817e+00,2.078783012316930190e+00,-2.824242000742895442e+00,-6.238660767446045696e+00,-2.628734246760545901e+00,4.084408838215683346e+00,-2.625706524817178700e+00,2.237615421460962928e+00,1.350346828667265520e+00,-5.659847055081770328e-01,-2.495568409386462960e+00
6.666693113850702401e-01,2.061570311894657115e-01,1.487739144401494240e-01,-4.091023064905842110e-01,5.002486077988796964e-01,5.784139252577269463e-01,4.110601848832957650e-01,3.518075473124792074e-01,4.873380906885423913e-01,3.428898175757599809e-02,4.808672893497751843e-01,-1.708329808887215640e-01,7.098777900091661763e-01,-4.566998545200270376e-01,4.150373012006380868e-02,1.413610536240517135e-02,-1.146195041056193853e-01,1.722010673572181849e-01,0.000000000000000000e+00,5.581179100562961848e-01,5.902755106871505619e-01,8.919372771359463936e-01,2.590818064996406322e-01,3.821652785565937682e-01,-4.160943003340622504e-02,6.394020987155338176e+00,2.078793906088187260e+00,1.583361266610924467e+00,-4.301009986577604138e-01,-3.985695029151766100e+00,-2.845096531792957073e+00,-2.152457372571279670e+00,4.067173302610077812e+00,4.575797786665281031e-02,-9.659080728903135515e-01,4.153557229382923488e+00,-4.078163787625987968e-01,5.474389174004539171e-01,6.125101206446339930e+00,-1.745472579617264763e+00,6.394195131796373666e+00,-3.358378790645035750e+00,-2.096116636337015393e-01,-2.913650996054993669e+00,6.532474672276725514e+00,-2.849524287919372068e+00,4.243245566121416346e+00,3.695535793360517296e+00,-3.174879273804112056e+00,-8.207534315116240542e-01
6.569105168798988759e-01,4.746832207096219891e-01,-4.936843205606357143e-01,-1.233319861331205747e-02,5.373732341424327652e-01,7.009823015359618603e-01,6.591779746258098482e-01,3.612961386554826015e-01,5.333854870934029435e-02,3.638104281557523745e-01,5.261888527987687025e-01,-4.942550859541733344e-01,4.171892215476402654e-02,1.211682304422256884e-01,-3.462533477630215240e-01,-1.280189475963442458e-01,-1.247032783361786690e-01,8.759108753114437373e-01,1.206495586028955014e-02,0.000000000000000000e+00,1.088099818986432155e-01,7.181249440727482947e-01,-3.007496272149595695e-01,-1.441042542455706066e-01,-5.032934293618571697e-01,-1.548995010192579347e+00,1.475966847710101337e+00,9.782944213380426746e-01,2.629031737599119012e-01,-3.876194871444724743e+00,-5.379663624392692078e+00,-3.659833538573642020e+00,1.059199296589759243e+01,4.392031485028018434e-01,-8.467108700477732341e-01,9.355970367952644029e-01,-3.271164973117209662e+00,2.044231073363361517e+00,2.217352363382129710e+00,-2.163149289944355402e+00,1.844312636870497624e+00,6.167277833470605763e-01,-3.736645015574656892e+00,-5.081972585387127594e+00,3.425577588833678355e+00,2.538542442580947522e+00,3.833956644713389927e+00,-3.845026290333725782e+00,-5.785404214338468520e+00,3.443854376023276487e+00
6.573967056698972744e-01,-3.984748367861973284e-01,-1.163253615313475375e-01,-1.635027324267976923e-01,1.628431279735107484e-01,7.718729168324076628e-01,9.171048640554536613e-01,1.002090866479055098e-02,-1.858491896196958759e-01,2.865187558390827061e-01,2.602566319107157966e-01,-7.470427820391764007e-01,1.119304009487116502e-01,-1.733035028181323378e-01,-5.488267357836285054e-02,-2.846924078176574779e-01,2.720435922414626839e-01,6.607557522701281716e-01,8.556156573355075956e-01,4.249877570721545261e-01,0.000000000000000000e+00,1.643662255344874312e-01,1.077029762269625657e-01,1.471422634767163284e-01,-8.969069820066009058e-01,4.443262048292731414e+00,2.917083781595765313e+00,-5.854627520759283499e-01,-3.659616763612950407e+00,-5.342192506840490296e+00,-1.583845680600325379e+00,-2.492824827964475354e+00,7.574227611694480444e+00,4.818219493385400565e-01,-4.689305253722949374e+00,-1.445730913052526434e+00,-1.832841425613345399e+00,-9.854471653580016977e-01,-3.090331972417649453e+00,3.759994594803570678e-01,-1.193901276658196675e+00,4.502809539718826137e-01,1.641428017459484412e+00,-7.941832260147578815e-01,5.937956857144335743e+00,-3.404588721704923771e+00,3.121801169568405143e+00,2.520193798697673238e+00,-4.366330755542583653e+00,-6.096224840760520181e-01
2.254107128184874576e-01,2.852079613347460185e-01,-2.729828186179495964e-01,7.695255380389398603e-03,7.134377709056554107e-01,5.580228888790508268e-01,8.055304681502117869e-02,-1.985501926731547684e-01,3.534519494782726312e-01,-3.826630418656383759e-01,1.711633229825946234e-01,-6.695237859549681980e-01,5.881463784108974524e-01,-9.965160597290478872e-02,3.518531479270394779e-01,2.158027335854468820e-01,1.165287924784708107e-02,8.922146915033291048e-01,4.415669311820952236e-01,4.869413427759526902e-01,1.979100161404938607e-01,0.000000000000000000e+00,-2.251757039105535263e-01,-3.281975901943837703e-01,-7.823258301936542036e-02,5.205108706601518698e+00,5.373483124212500073e+00,-3.456411061653533512e+00,-2.842898602171173295e+00,1.997565384273090494e+00,-2.171462422337270937e+00,-3.149631594371109955e+00,1.592559497715873462e+00,-4.403078549620622617e+00,2.891605280833482894e+00,3.470487021316000842e+00,4.035627533570591563e-01,1.971958401275816897e+00,-3.138369916390649550e+00,-8.435628164799307882e+00,1.145531062259760091e+00,-4.591104584804059918e-01,-2.657569990919440794e+00,-3.047284663576055763e+00,5.372074423074733929e+00,3.213376251495253300e+00,2.981432749716511843e+00,-8.326585323784407855e-01,7.032104363499254163e-01,4.055105370980718327e+00
6.308703784420502947e-01,2.798167164983244026e-01,-4.570439181715783006e-01,6.818979819804482645e-02,4.529427903781186870e-01,2.831205162762751026e-01,7.952169712460699369e-02,-4.648304238560597712e-01,-2.447751933442823269e-01,3.758892202865402599e-01,1.761432278594227130e-01,-3.978298591736109113e-01,5.510408978737743046e-01,7.901277733724987318e-02,1.063707156566513490e-01,-2.339558927637517272e-01,5.826591597206265405e-02,5.821002160788205648e-01,8.547670549230519388e-01,5.195188405036595958e-01,-1.994315829914359295e-01,7.865963887454464620e-01,0.000000000000000000e+00,-3.595748011400480282e-01,-5.922133663572065609e-01,5.907321361508794055e+00,5.278753436929894960e-02,5.874642119104032112e-01,-1.594500129381690279e+00,-4.516788033812956904e+00,2.555979444828851754e+00,3.497534539069746540e+00,7.036325539381665273e+00,-3.067221471280040745e+00,3.482614646680355364e+00,-4.373081982464101181e+00,-2.857787761832161877e+00,5.474421445189125990e+00,-1.968397629576369212e+00,2.617691645143600532e+00,8.174308077976801812e-01,-2.860072475254007429e+00,-4.187707067937465055e-01,-1.060730619909286965e+00,9.863764649157338305e-01,6.527471248919027857e-01,2.394265534111154281e+00,1.520016164096222866e+00,-3.997178255741080211e+00,4.876375173474426283e+00
-1.904836216467808985e-02,-2.419009570548718013e-01,-2.926440572184311195e-01,2.246978089239549670e-01,-8.166183850597330540e-02,4.169567489192492760e-01,4.747654911055747551e-01,-5.060036415386480746e-01,-9.434218665058602404e-02,-9.298752803542942313e-02,3.559641208373952592e-01,4.864638347213345870e-02,8.389611306450551753e-01,-4.111143479731397266e-01,-3.845328868444316539e-01,4.213297055803078006e-02,8.740615968944975833e-02,1.931791537188688457e-01,6.845794289048284798e-01,-3.293834807644657747e-01,2.112883350209824318e-01,1.233039099501369584e-01,-3.846727151829824054e-01,0.000000000000000000e+00,-1.596316240342747772e-01,2.014857009089713102e+00,-1.281753023957601156e+00,1.545346845510316314e+00,-5.249831301874279710e+00,-6.118121057260614393e+00,3.698686910332046551e+00,-3.163988543908355044e+00,1.417300204174649636e+00,3.366331089823164646e+00,-2.344202979782775920e+00,5.178043132726698694e+00,-7.131718916172289369e-01,-6.053963291889768783e+00,-3.603683770085086557e-01,1.457809380358717544e+00,1.018484577411047809e+00,-3.134825348604540096e+00,-2.576451583618522445e+00,-6.067153299387868515e-01,2.270560776002730208e-01,-1.506061298218389410e+00,1.913693818233874522e+00,-4.756494072551799235e+00,-6.341973006488668574e+00,5.750044985299024525e+00
2.760673528298971391e-01,-3.627362974188419464e-03,1.007281005772636684e-01,4.749145151150382382e-01,3.902371154118096097e-01,8.785035801402085731e-01,7.280182349505708306e-01,1.633309344960369724e-01,1.394437596638622434e-01,-2.813551822856137363e-01,-2.514565432823258062e-01,-6.997546295132104355e-01,5.487715318169423817e-01,1.540615284282642605e-01,-4.756134418631573491e-01,-4.903852433617110762e-01,3.295319408502703773e-01,4.307278766331378295e-01,3.098817607273445240e-01,5.435411629003239486e-02,5.236357008244709732e-01,8.974460711357453713e-01,-3.772915064689780218e-01,-1.995177822660775258e-01,0.000000000000000000e+00,5.404946965137062520e+00,1.428623305620442263e+00,-2.716807010324019167e+00,5.867053600616662479e+00,-6.796187736966492920e+00,-4.718001221299637393e+00,-2.760072736685736938e+00,3.308711065687464981e+00,-4.367829151271720889e+00,3.967692906361103056e+00,2.044199227524805096e+00,-4.079744287261325653e+00,-5.307349323800213625e+00,2.492250673163464825e+00,8.193821873176312387e-01,2.759411130657020372e+00,2.765559587639072614e+00,-4.772172892915516051e-01,6.671391933089250159e-01,2.597327211235238131e+00,5.503680817607126130e-01,2.522816568665183112e+00,6.099853517014413029e-01,-8.257565632218430984e-01,-2.854058487728904581e+00
2.459178775788460891e-01,-3.844299436635042477e-01,-4.541909361201126316e-01,-2.009423698879664322e-02,9.503499601168541311e-02,3.375883475573845383e-01,8.498436966525635405e-03,2.092107936731253393e-01,3.422002757236152215e-01,2.769591955961151486e-01,3.224630084839603672e-01,-6.779464598342301862e-01,8.100818524164108414e-01,2.321174546090446489e-01,-3.124523169893693719e-01,-4.438613678814918861e-01,9.465817706127510611e-02,-4.430300649395080281e-02,4.390580174444990158e-01,5.812129223440239967e-01,1.498364223482867574e-01,4.581378150798687265e-01,2.361322862972501380e-01,1.872803321932344778e-01,-2.221995889288538306e-01,0.000000000000000000e+00,5.287121334504879755e+00,-1.337378439783510231e+00,1.033347622427632118e+00,-7.753034800284574146e+00,2.679415734109133140e+00,2.375834926888949372e+00,3.849167584438880851e+00,-9.451366710640112245e-01,-1.980083507601840154e+00,6.298766203765248761e+00,-2.843481354703459640e+00,-3.687309267686025738e+00,-4.343125475256295331e+00,-1.475486359232853317e+00,1.885177874790667119e+00,-3.048438677860953128e+00,-5.288574200601908970e+00,-2.329368891193060342e+00,4.816581874783736339e-01,-1.689751124033644025e+00,2.203741571551484313e+00,3.227996976599984080e+00,-5.079091178412721064e+00,-4.332597829691080094e+00
8.788173694569215710e-01,1.079020807790159742e-01,-6.169088294142499596e-01,9.798714139007713708e-02,4.165306764175841225e-01,-8.222483167976002427e-02,1.782815621435971387e-01,2.598962858720488267e-02,2.728542852833240051e-01,3.037841908062434149e-01,2.190393203516010079e-01,-1.761368648153360805e-01,5.911199285967260186e-01,-2.745850443098445393e-01,-5.379038313777785296e-01,-5.599887719483398474e-01,1.157055613518276349e-02,-7.384108387381704830e-02,-2.076469493649946152e-02,1.995929599897056095e-01,-1.859952986072022085e-02,-3.422310499140324147e-02,2.823871820804310095e-01,-2.321589034811889496e-01,-2.599192074418239518e-01,5.006286198738850501e+00,0.000000000000000000e+00,6.619942017251192468e+00,2.210768011915256182e+00,-7.644829178203117692e+00,3.068150497596164872e-01,-2.232825465884888505e+00,9.306554026442668714e+00,2.411439105045173115e+00,1.426896879384406347e+00,4.449397393201586226e+00,2.770833157204460662e+00,3.636184620613748919e+00,-2.012102057664717947e+00,-2.405603991280653275e+00,7.155367622443359998e+00,4.225550973125121956e+00,5.390926519843564080e+00,-1.381088848217866261e+00,1.229075834638301945e+00,-3.166790142273836928e+00,5.408481465750355710e+00,-2.599657314920596818e+00,-4.472328695107066210e+00,-8.635344014815800051e-01
6.828197401113330622e-01,2.647189194276772239e-01,3.399115664961703809e-01,-2.090280613968130696e-01,7.420380230326011350e-01,5.219385729334045099e-01,5.701639497762770459e-01,-1.269860025018340055e-01,-2.590244107816336294e-01,-3.900030182491365238e-01,-3.146304004688182943e-02,-3.723509327122058732e-01,1.380125900600326361e-03,-2.608974323391550776e-01,-4.307625896172397884e-01,-1.679869828525107911e-01,4.835878409195439875e-01,7.514301754370527053e-01,9.193184061755280689e-01,-1.631915593675030696e-01,-3.299038240146985324e-01,1.140101481400853656e-01,-3.782935619474205868e-01,1.155145265730166404e-01,-1.115880235557754618e-01,2.425291541263203676e-01,6.882225325297685714e+00,0.000000000000000000e+00,1.258799729425222225e+00,-6.986952162048654102e-02,-2.503364880382276780e+00,2.621414355944896801e+00,9.508647341904522321e+00,-4.861683448402051688e+00,-1.051565835553464723e+00,2.877734788263121679e+00,-2.149836348366370498e+00,-3.281512212201310508e+00,5.554279758391807320e+00,-3.416757860195591689e+00,3.090489294560940792e+00,-2.523970796559772189e+00,-3.350704267678120907e+00,2.799843581467706066e+00,3.626405087200151200e+00,1.126411496511673604e+00,5.666439392018494559e+00,9.161822154060557111e-01,-5.006680892688322615e+00,-3.082869753128761658e+00
7.983455897271037882e-01,-1.765206690734416606e-01,-5.730324125426630166e-01,3.617045103433641495e-01,-4.361006171162973288e-02,5.757297825973242134e-01,8.411790125940732388e-01,3.404595328446545777e-01,4.248881579880127157e-01,-2.239980661104313819e-01,4.679209753758928336e-02,-6.073436856423144459e-01,2.349721177167932717e-01,1.609443774159653451e-01,-4.514267537174438960e-01,-1.206365729691194488e-02,2.978491711810826725e-02,3.747946120028674555e-01,-1.667511556839751385e-03,-2.382728354764785950e-01,3.555636273935036673e-01,6.046835083238981667e-01,-2.998840159926239313e-01,-1.596928174962843894e-01,-8.358074879569749038e-01,4.832502840968708746e+00,2.795129045588490069e+00,-1.278878667323055218e+00,0.000000000000000000e+00,-4.666717069923342898e+00,2.359852463735620631e+00,1.528658319281139377e+00,8.226302432559757349e+00,-1.105352915946238301e-01,-2.733096927192965708e+00,4.674196979603845392e+00,3.680802845082098429e+00,1.034888814485317887e+00,4.109867507018694965e+00,-4.101677553014975608e+00,1.621018402774637934e+00,1.711859386506407343e+00,-2.451257996546957418e+00,4.105667904708672822e+00,1.849743209756358642e+00,1.255668906642807947e+00,4.237784130901485646e+00,1.415497820477269464e+00,-3.710389493651547799e+00,3.689718582354536203e+00
7.159354485809399371e-01,-7.782063081595103071e-02,-3.941029936087564467e-01,4.651281298362899275e-01,7.084732135939362241e-01,3.321743719552128216e-02,1.422724708797067361e-01,2.847163324885793045e-02,4.276751785207485446e-01,-2.599818120559116430e-01,1.960868573302515516e-01,-1.191150114403372040e-02,7.943845876400543737e-01,-2.370242731105742795e-02,-4.119303264893949823e-01,-1.696276475332533229e-01,1.231817162180970371e-01,1.606562244444253995e-02,7.228433941159563281e-01,4.614580767457289179e-01,-1.247422048222789348e-01,4.339898107725551624e-01,6.897957647004226978e-02,-2.959373269284759633e-01,-5.982476868160102601e-01,5.481055632467134231e+00,5.214642531320096808e+00,5.450961943906351692e-02,3.455620791657866064e+00,0.000000000000000000e+00,5.319427335132061785e+00,1.672581374241641772e+00,3.094381580674919974e+00,1.283496072921730180e+00,-8.975358454985875589e-01,2.622374403518390018e+00,-7.338175084019342265e+00,-1.932680024250661432e-01,6.293149035705187799e-01,9.537963170967240778e-01,-3.696855984062823453e-01,6.221603899967966811e-01,-1.080952027312629848e+00,-2.667459463186600210e+00,5.509449646499549047e+00,-5.877377651524909652e+00,4.132883744443644147e+00,-2.496156608342180228e+00,-1.986400740631526940e+00,3.805600499081814192e+00
2.601373650405427451e-01,-4.255242712694327079e-01,2.706133812670156180e-01,-1.470444586403469867e-01,8.467626784502229054e-01,1.598032208476982685e-01,9.195636126340978045e-02,1.472424834460752674e-01,-1.758922189030756034e-01,-3.724321053210956078e-01,-2.930597577331429671e-01,2.237751543051775815e-01,6.563324246912120019e-01,-6.447573928893902684e-01,-3.676905675682470287e-01,-5.136507690983120877e-01,4.331369102276736438e-01,1.314640136307529961e-01,8.975649963350940119e-02,-1.425535853238228956e-01,7.168862073652304545e-03,7.534829167529198957e-01,-2.924891280060030185e-01,3.586037872859512143e-01,-4.579339340950780990e-01,6.766529588581596144e+00,3.920161533152989985e+00,-1.476248944981787936e+00,-6.720835923075156870e-01,-5.127713357854282172e+00,0.000000000000000000e+00,1.554932091267848371e+00,9.021652933643968808e+00,-4.467513265399703393e+00,-4.007168656126580686e-02,-1.169590241573735145e+00,-1.315410864294255022e+00,-6.093222375222806519e-01,-8.299135686836081049e-01,-2.916027062999599018e+00,7.646447302973289339e-01,9.752939211426223665e-01,-4.431665945255715222e+00,-5.902184751343484415e-01,2.895125590120161796e+00,1.576332717800021932e+00,5.077642333876602798e+00,5.656271088145583548e-01,-1.466809079102062707e+00,4.888034522245733093e+00
2.631659625538033120e-01,4.068615031576386931e-01,-2.681232664817090328e-02,5.016519767121971896e-01,-6.326298086507864404e-03,4.656750067950283789e-01,7.616482790843026596e-02,3.512927921403214970e-01,-1.143332003680108677e-01,1.264561109922422988e-01,4.178787481423155148e-01,-3.021945226334256107e-01,5.132370829185108896e-01,-1.417929745344204129e-01,5.484377098921100480e-02,3.830163711452591047e-01,6.181978089581293689e-01,1.639996225140250008e-01,6.345768188246712072e-01,6.323870998586748060e-01,4.517096462727033801e-01,5.562543966649945437e-01,-3.961780497120993561e-01,3.638941728583202639e-01,-7.085356572692226296e-01,-3.417169518748712775e-01,4.427366058235502777e+00,-3.943662641098208965e-01,1.590076051667218771e+00,-2.209350590951567384e+00,-1.589436374677368535e+00,0.000000000000000000e+00,4.958905427683237832e+00,-6.169940882082981304e+00,3.772612341184848006e+00,-1.544189028979406242e+00,-2.300116779937865008e+00,1.014685626842251054e+00,-1.003861731258084422e+00,-1.891833100202244822e-03,4.716139122174429765e+00,1.321305168411920139e+00,-1.564185612620968335e+00,8.773162527488413964e-01,1.566919922958619260e+00,-3.012633655623188300e+00,6.259581142562422151e+00,6.463487117352606504e-01,-7.958448642596506417e+00,-2.869507960697534443e+00
7.649339720552827959e-01,-4.536495079677790310e-01,-5.142300425134501696e-01,1.754979625299945001e-01,5.625513422862986612e-01,8.731800639537604658e-01,5.664838865321075723e-01,-1.711478686183026676e-01,-2.539985294728841492e-02,5.527711236677669282e-01,1.433020631165270453e-01,-4.088283228792656265e-01,2.425608754875515638e-01,1.831588852629271180e-01,3.625731393021387472e-01,2.576572230339452263e-01,6.139969523795844042e-01,-7.389652219328080029e-02,6.489197694040327313e-01,3.104547111306029672e-01,-1.391074030434528153e-01,5.418582063716899100e-01,2.743163488155748730e-01,-3.534888974853103161e-01,-9.386213309314359599e-01,-1.002891451557518465e+00,-2.390306577289142087e+00,-3.428949204138631579e+00,3.652157487007103853e-01,-7.549393884426618406e+00,-9.298226842043109119e-01,4.684929283995153959e-01,0.000000000000000000e+00,3.647837508297463671e+00,-3.259028235885855551e+00,2.271988155215925786e+00,6.216563795431214956e+00,-3.575378530552162815e+00,-1.715256132765376362e+00,-7.302842658537687548e+00,1.849181373221190139e+00,-1.467541718108906768e+00,-2.226699660025438732e+00,-4.419665191091515233e+00,8.692880584240487707e+00,4.006202858601737304e+00,3.555330413587929783e+00,2.688908841198965227e+00,-8.585045153336801960e+00,3.193233608293509995e+00
4.017035031370772558e-01,-3.305032933702931608e-01,3.279102609376749466e-02,4.151151068255561905e-01,7.113351065237103477e-01,6.108998772533541510e-01,5.226161457282338940e-01,3.817395036251459706e-01,-2.342607609820775982e-01,-3.266930422114620036e-01,3.332405949382400978e-01,-6.453648532624879364e-01,6.717476222904377181e-01,-5.257343667656027009e-01,-5.245424974603198898e-01,-5.031803099815451707e-01,2.890479838534805168e-01,8.180577478619510678e-02,3.743002640542425485e-02,5.728050470642901404e-01,3.676659565390872908e-01,6.371967475789155344e-01,-5.992722394574667710e-02,-6.228166611194052571e-02,-6.248036551772345737e-01,3.391298556414391818e+00,2.567825393918610200e+00,-3.150097224375630667e+00,-1.068573022191327659e+00,-4.752723299878351071e+00,-3.015697765343333892e+00,-3.088519406823106106e+00,6.888884016752454542e+00,0.000000000000000000e+00,-1.368092514232892576e+00,-3.121154643545918095e-01,-1.263132323365969700e-01,3.461364595971980762e+00,-3.035148811745358444e+00,-5.626151529566281617e+00,3.537128467120823849e+00,-9.263237702773436943e-01,-1.628642563266614385e+00,2.727983462744735021e+00,5.108705035278203077e+00,-2.294537264040605429e+00,3.542514187354537825e+00,-2.001024758460363984e+00,-4.116214596598219089e+00,8.604892569808919589e-01
5.221765970320180195e-02,1.610209531834937424e-01,7.188131935664776595e-02,1.028644120418533703e-01,2.675870320439660555e-01,4.851053661450958066e-01,3.738194525603388829e-01,-5.261706274655091331e-01,6.644318458775567704e-01,-4.002806204198641193e-01,1.091852504323219675e-01,-1.788120179914531871e-01,8.268871862212529011e-01,-4.559029189229082402e-01,-8.572720289102886415e-02,-1.840468987260611700e-01,3.941536358440046461e-01,3.667657744806165354e-01,6.863035793513251326e-01,6.465529270423805430e-01,-1.324009786302488001e-01,2.318380435508055060e-01,3.615693308899381453e-02,1.663812771253724287e-01,-6.011210649185595445e-01,5.032446069349069795e+00,-1.806252402168595728e+00,2.520836477190671054e+00,-1.119776276952470173e+00,-5.333999288254426041e+00,2.415008695081312773e+00,-1.897510097246589478e+00,2.598636129323544708e+00,-1.232671541919667657e-01,0.000000000000000000e+00,1.555541582582874449e+00,-2.807905936219003529e+00,-1.344134921745499867e+00,2.172520758479517866e+00,-3.340743971792883293e-01,4.968836672634279417e+00,3.377898482239162892e+00,7.573978993958641048e-01,-5.861645021913046705e-01,1.862116935170742504e+00,-6.594176161349789567e-01,4.340028230985755187e-01,-2.251739917168130489e+00,-2.347563143617778625e+00,6.231393660809079194e-01
2.638942300329589763e-01,-3.041089234781605422e-01,-4.300153233305145095e-01,-2.839272979463698388e-01,5.429673590241858028e-01,8.473215242279673598e-01,7.866776342789383314e-01,2.692939204817557108e-02,-1.054960944097550479e-01,-3.843561123262426715e-01,1.834799000944130620e-01,-3.641912305889160040e-01,6.581443837479494796e-02,2.345738912889928640e-01,-1.728168610835629782e-01,3.246987317779554960e-01,5.244668223113843064e-01,1.479257044510249308e-01,-7.448337810114868951e-02,6.557157473746541010e-01,1.873245199014370588e-01,8.618386337171778377e-01,3.051007345369778356e-01,2.199659486539851105e-02,-3.224539253348410739e-01,4.546981141887155076e+00,8.190767854748544075e-01,-5.062011412967972745e-01,-2.366309065353579211e+00,-1.257685630160916279e+00,-1.511691443888014907e+00,-5.710040090863328643e-01,7.455025086328307182e+00,1.080479479434230727e+00,-2.908712900124349687e+00,0.000000000000000000e+00,9.173515768611195664e-01,-3.817794041807465177e-01,5.615171605107290631e+00,-5.745811352114195358e+00,1.675550487033288682e+00,3.420288957967084986e+00,5.439212769278074511e-01,-1.749016100025306830e+00,9.035314039566786803e+00,-3.276273758277936210e+00,6.767735444165280612e+00,-3.285110058379467901e-01,-2.960112990923342569e+00,-1.985681858025265312e+00
7.679868056984023861e-01,-3.311483989701516917e-01,-4.215157641391062970e-01,-4.417976318238366895e-01,2.115334538914029894e-01,5.942620725653011693e-01,1.815253972714920838e-01,2.216293724882434368e-02,5.642899231899523027e-01,5.707420661344067003e-01,2.266325450617679982e-01,-2.971111478791979010e-01,2.362378597250636147e-03,-6.411993899573978917e-01,-2.245491086994284569e-01,-2.320544317858664884e-01,6.551269436482993758e-01,8.167797851696283473e-01,2.335783674459375181e-01,6.146280918227774448e-01,4.287605738999140659e-01,3.390751527854032332e-01,-1.495332373349400612e-01,-2.103961015749087338e-01,-7.686541220930798168e-02,4.751045339214465812e+00,6.260427773643257865e+00,-3.105865374824823277e-03,1.643248066036883337e+00,-8.477500426241233455e-01,-4.620563246661097967e-01,-1.372051928156037715e+00,1.617082867046780503e+00,-5.740880063978259784e+00,-8.471275064055219239e-01,1.756553088161030507e+00,0.000000000000000000e+00,-6.335898128130617479e+00,1.365650184734542805e+00,-6.394684573776163283e+00,4.168905998424798476e+00,8.272939322094221559e-01,-1.431772699250183134e+00,-1.106456143567434047e+00,1.757133879763881801e+00,-2.001089146855979717e+00,9.209192082683419045e+00,2.422442547903028931e+00,-3.728118339350988020e+00,-2.596711927477654669e+00
1.259090579468934434e-01,-3.418325056253311844e-01,-4.946227042816859765e-01,2.909629378853284543e-02,8.403107011683174088e-01,5.377388120181856301e-01,4.876306447098494035e-01,1.229612751879050059e-01,7.223713487556371327e-02,-4.174632044499193562e-03,3.034914395678992571e-01,-6.075027754583465223e-01,2.836843264637122219e-01,-5.095109464572689095e-02,-1.410900845385303359e-01,2.549828835632840240e-01,5.141207349036512886e-01,8.619607918999012686e-01,-4.634234935503100949e-02,4.744202967945720939e-02,-2.632747827117550843e-01,8.888954985070777193e-01,1.327847901614306325e-01,4.105458190319186684e-01,-1.714861985182086768e-01,8.943765518208419252e+00,3.789062297338839702e+00,-1.241643601569605515e+00,-3.742618147052887423e-01,-3.924428097860204190e-01,-2.739802696269893367e+00,-3.482456555114390895e+00,8.719025093648266278e+00,-1.216834137935398408e+00,-1.776365820002587803e+00,4.250972153209859883e+00,-1.488321455141454752e-01,0.000000000000000000e+00,-2.151387784665887537e+00,-7.362115589778632341e+00,-3.325383996077305504e+00,-3.548622025534921232e+00,3.584840193212158521e+00,2.919536262907129753e-01,6.836600131660450330e+00,1.069845737352242310e+00,3.203917784625839538e+00,-6.860738236164136694e-01,-6.339450985508538139e+00,1.704340787214077224e+00
6.673223402196276632e-01,4.281833759455777599e-02,-3.492124813529420280e-01,-1.081093467603652103e-01,2.222246123639868287e-01,8.569099120633871802e-02,6.397857994710174356e-01,6.825557254650271855e-02,1.731633308681477246e-01,-2.188906467120504962e-01,-8.567970839699268204e-02,-7.430441552760769230e-01,6.687407717129958407e-01,1.273334176640616988e-02,-3.376924449314363530e-01,-3.083860965242072316e-01,-2.447616755007808731e-02,4.448209269074148153e-01,5.552085728916545948e-01,-9.089097851741345657e-02,-1.402049008205195069e-01,6.467554706612281823e-01,-4.344427929257154153e-01,-1.890531100186834124e-01,-1.809159569388609778e-01,7.490346561473829823e+00,2.883976305328044720e+00,-2.310906014486590276e+00,4.027961872466310211e+00,-1.261520648209931039e+00,-2.025260993456186043e+00,6.664713973947518078e-01,6.813715151091215283e+00,-4.043974921879333273e+00,3.199053270252544934e+00,1.241316907161088556e+00,5.476836037700494320e-01,2.016904003029557302e+00,0.000000000000000000e+00,-5.041846694524259931e+00,4.164295753413434831e+00,8.656368231294790938e-01,-9.218176546177367925e-01,4.690101826144521979e+00,3.012493950010557420e+00,-2.233929102989759663e+00,1.486309020055225139e+00,4.460509364987042424e+00,-1.966689314795766030e+00,-3.556573594154688323e-01
5.407777288243266200e-01,-1.288225871310866300e-02,6.881994408955804943e-02,3.673173994850944535e-01,4.330265553627660191e-01,7.521792736786691025e-01,3.625371183532211106e-01,-2.121902296584343706e-02,2.473146787921838285e-01,-2.469739816620282191e-01,6.822851620291170427e-02,-6.910506485070579963e-01,2.366192584948816346e-01,9.624168371673680333e-03,-1.879248002774336346e-02,-1.962392556228084173e-01,4.144174356211478560e-01,9.135966035888236636e-01,1.516365101957098949e-01,6.548352659732272762e-01,5.089937218839153399e-01,8.389682248643466345e-01,-1.955126206777207942e-01,-4.839049694150591163e-01,-1.447456479731241696e-01,9.441833930146705356e+00,1.228394054637794941e+00,-3.328422279256690874e+00,1.644494156838506527e+00,-2.086806546050665290e+00,4.489263508392673518e-01,2.309058164144789149e+00,9.618433664230551017e+00,4.384668499459631885e-01,-2.174785174860659254e+00,3.189042467217978682e+00,7.181859471015126228e-01,2.934493879014008044e+00,2.037954880726335460e+00,0.000000000000000000e+00,6.061889964297454192e+00,5.203569005689114846e-01,8.450884237020455103e-01,-4.472839946554567625e+00,5.038453641821507567e+00,1.442401944750459464e+00,-3.848383273651347913e-01,-1.048323669417825954e+00,1.114027531664990800e+00,2.618176766820523582e-01
1.277464745216807529e-01,-1.921947540349304706e-01,-2.067910184749660596e-01,-3.411887312928010285e-01,1.379694659400846346e-01,-3.557081982312360058e-02,8.985961822073201821e-01,2.606838105602180544e-01,5.733618994595683915e-01,3.536047731988505305e-01,-1.845249561669326521e-01,-3.292252760239291476e-01,9.433970820150671122e-01,-2.370709532976635892e-01,2.070495070517693881e-01,2.326970517677862116e-02,1.172155773564820258e-01,5.214109685520140758e-02,4.492219561088458546e-01,3.538960513385065454e-01,-1.286457018536495411e-01,1.721852201288762707e-01,3.395057075666374491e-02,4.770041446992814294e-01,-1.313692143868949724e-02,-1.627476361249954762e+00,-1.395220617516244266e+00,-1.061249384933732109e+00,-2.140864126328932304e+00,-4.343781409745195887e+00,-1.587685239689599515e+00,4.470544482142082998e+00,4.226695034110789173e+00,-7.341270023978085035e+00,-5.416053987049044949e+00,3.776629606270843986e+00,-4.010753459994251813e+00,2.615873364340442819e+00,1.312156899654651099e+00,-3.258321325024725379e+00,0.000000000000000000e+00,-1.170161457345373801e+00,-2.102348682617224629e+00,-4.611546678528226195e+00,5.353715415432560576e+00,-2.805223568053953009e+00,4.354433136525432957e+00,8.050748533605283086e-01,9.806751109613816020e-01,-2.057840836843618071e+00
-9.720043537481160012e-02,-3.738077332766840399e-01,1.952461608719814334e-01,-2.846194627688769518e-01,5.377183484545449144e-01,4.250973186772850632e-01,4.291072500991760519e-01,-5.536360022849757812e-01,-2.135301827116982132e-01,-5.345843009988182626e-02,6.629245817983254740e-01,-5.121397355252551575e-01,3.401971186033475592e-01,-5.543442520365997606e-01,-1.180453063878679210e-01,1.498626855695018856e-01,6.464548673347825236e-01,5.604675369239967564e-01,7.622970450974728696e-01,-1.487426016070214629e-02,5.101596582899454724e-01,7.295047913430923181e-01,1.357291632742130272e-01,-4.189290242266584530e-01,-1.296426925739565528e-01,7.061676943834032105e-01,5.836764504892766325e+00,-3.551736575283536812e+00,-9.614482502089618521e-01,-4.074615719893043497e+00,-2.759172578322854008e+00,-1.912527288159084904e+00,2.736947901072298350e+00,9.937038689073076636e-01,3.992630139704788306e+00,8.002893584842556418e-01,1.587349694255689725e+00,5.241930942345707223e-01,-3.194322895743438639e+00,-6.929513726693651954e+00,-2.782186753469427565e+00,0.000000000000000000e+00,-1.949643323557321839e+00,1.967320039105437957e-01,2.024324019528788376e+00,2.047262209682648937e+00,1.687533284793704569e+00,3.222462543452575545e-01,-2.167364244992491695e+00,4.546099240907910399e-01
-8.746148082110083433e-02,8.968423713243656170e-02,-6.389644452929474916e-01,-1.123625777581666041e-01,4.101620494188537025e-01,4.795408712415633046e-01,1.274393422835018441e-01,4.845260945782914330e-02,5.202099834421081148e-01,-2.876485106619667276e-01,2.796869351388059366e-01,-5.579351640431386983e-01,4.644716439343795633e-01,-2.348462309175379792e-01,4.079295558116212694e-01,-5.395655277194726374e-01,3.494688536058766504e-01,5.310676319928588907e-01,9.162078867125079684e-01,2.218962147108954897e-01,2.447481604675963984e-01,5.213189095652751570e-01,-7.736873318667658594e-02,3.943845020633895970e-01,-2.676157540593276929e-01,6.344560989688342367e+00,9.184926173976686314e-01,-3.781418202808274120e+00,-1.701832457923381448e+00,-1.869220817363053788e+00,2.779228574944903052e-02,6.024588367918104481e-02,5.598733426370490207e+00,-9.475231993624528837e-01,1.968688802050468922e+00,-2.058485613712260687e+00,-1.354496390617770940e+00,2.120630206372335458e+00,4.309344745360266238e+00,8.984170334139403025e-01,3.706911212248928500e+00,1.171991317288403334e+00,0.000000000000000000e+00,9.484083524459157033e-01,8.793001435915202002e-01,6.775318812602648677e-02,3.191083380731486230e+00,-2.122072065050601086e+00,-2.613241149972953092e+00,5.588857778236200780e+00
3.323951606793216218e-01,1.379074902576925554e-01,-6.312900161312710035e-01,2.398262909250447050e-01,4.817382263058556102e-02,6.531433000988098314e-01,5.217306951526290426e-02,-2.538474226148268453e-02,2.332074001456431178e-01,-2.180512463267986201e-01,-2.539912067767209347e-01,-5.671080735126506900e-01,8.207726502124935708e-01,1.538289512240611501e-01,-2.541269597211482933e-01,-3.605471988821756790e-01,6.383831951900192925e-01,1.745969812031972213e-01,8.526616731020167927e-01,6.345357905485475847e-01,5.949131602344920333e-01,2.186648596674916067e-01,-1.135910612276903597e-01,4.659830566130664931e-01,-2.145005186971953304e-01,-5.266964793888317953e-01,2.805353140871882811e+00,-6.480523868048488012e+00,4.327167019003191228e+00,2.373257453224605129e+00,-2.375939488383393972e+00,1.606582175636360965e+00,7.714511437121995385e+00,9.948193378099488005e-01,4.983901909265380681e+00,2.061992987603840088e-01,-2.254811797564747700e+00,-2.415311465642453470e-01,-3.458294868435761504e+00,1.098133522593113032e+00,2.570926793856327386e+00,3.456849041567610303e+00,-6.979766479619042840e-01,0.000000000000000000e+00,5.881307756768157979e+00,-3.117960084972075663e+00,1.719921330608926935e+00,5.472132385927395148e-01,-1.045480354181834848e+01,-3.180126612278905363e+00
7.908526864129480360e-01,-2.010478338169412460e-01,7.816558879463453291e-02,2.869273127234877041e-01,2.240930697054566156e-01,4.818582193899457744e-01,6.820250357602110070e-01,-8.612622466341368632e-02,5.553217785981996446e-01,-3.795119632973945611e-01,1.570997352228253874e-01,-1.796949804456926536e-02,2.569888364617771703e-01,-5.335828488978490158e-01,-8.947879490572163697e-02,3.874789473375206406e-02,-2.350145121199098686e-01,-3.436897640526814790e-02,5.718403631547985810e-02,2.390548222849554483e-01,-2.465791020657951416e-01,3.049643028404812606e-01,-1.166325425589328502e-01,-2.938462840585660540e-01,-1.334694981586159734e-01,3.352062274432829447e+00,3.810375284251369177e+00,-1.058586712513711170e+00,1.369679330059283551e+00,-6.287883084986532367e+00,2.802121240436984628e+00,7.320254828729431118e-01,9.336122549166612217e+00,2.517227665777180157e+00,2.714139404588792104e+00,5.161657262344788499e+00,1.993818240676864528e+00,-4.371923566332782229e+00,8.774692392462819512e-01,-8.724549013072147030e-01,-5.181432665387091241e-01,5.239300518344261803e+00,-3.095991917083382283e+00,2.747957048259195290e-01,0.000000000000000000e+00,-4.738020277159099791e+00,1.491745793247389207e+00,1.600360569722131920e+00,-7.024506067804359155e-01,-6.104433219242624276e-01
4.930749075324997177e-01,4.354133505398298798e-01,5.454899714855465653e-02,-3.821163246641746669e-01,-5.565854489984256581e-03,2.458074743834970377e-03,8.963963370745726689e-01,2.781944199610876245e-01,-6.714392685071235434e-03,-1.737351324609943681e-01,3.986785388053509793e-01,-1.851640047411414747e-01,5.576810828356630889e-01,-2.102493333929135177e-01,-9.120427224564453539e-02,2.334252673492492880e-01,-2.427442109461064312e-02,6.562100090134997954e-01,6.994494805189057640e-01,-2.570617189087986976e-01,5.824609002025074034e-01,8.828231989059388551e-01,2.486608822559251974e-01,3.758598512352100407e-01,-4.583710218225602873e-01,5.288030502605428396e+00,-4.285900779294063767e+00,-3.631111149110161307e+00,5.171780671066999346e+00,-2.471852529173032664e+00,1.575393353456415069e+00,-4.419711031262160361e+00,3.973928616222456967e+00,-3.662488732005141578e+00,3.463030526411792209e-01,-1.149170904145746741e+00,4.472873762767640926e+00,-7.960761261396955391e+00,-3.005133871879732688e-01,2.212816562958687783e+00,1.759303915814850683e+00,-4.939040841080759137e+00,4.739313490577266030e-01,2.546325703820086161e+00,3.496785422603143623e-01,0.000000000000000000e+00,6.184335225483860832e+00,-2.494378245406690287e+00,-3.381658199767042294e+00,2.264182936031022386e+00
1.190060451299922439e-01,1.477860196604171561e-01,-6.296189443533877217e-01,4.315677411748536363e-01,3.359391720510574997e-01,3.656972627402413911e-01,4.809131068128467135e-01,-4.896895370527799551e-01,-8.304388921397709566e-02,1.450422658918975038e-01,1.702327430478929315e-01,-4.538410636746290638e-01,7.648424404939218046e-01,1.380770791716016133e-01,3.924993930779708817e-01,-3.175477405968379907e-01,1.422786689990019893e-01,3.301714974741282171e-01,-5.355341127919110988e-02,6.101455009169095556e-01,2.908121499482451133e-01,6.985563861811636688e-01,-3.700085389194129881e-02,1.955004841865586318e-01,-1.943152508218620733e-01,1.403129119880584197e+00,3.338884095115017825e+00,1.605104100052624716e+00,-2.139765759307231452e+00,-4.319575767353753371e+00,-1.181018040050540785e+00,2.330427403130947983e+00,6.434946359605035582e+00,3.545363596464396139e+00,4.739025287806763131e+00,3.812005792061095022e+00,-4.544000485372462705e+00,-5.233487619571910443e-01,2.554184804972228662e+00,-5.746067972254785161e+00,5.813367066268020800e+00,2.790677506664688945e+00,-2.667000816287798060e+00,4.029363193111420216e+00,-4.701626337351720863e-01,-1.383124050172933828e+00,0.000000000000000000e+00,-6.321161664747766196e+00,-3.037754958966851326e+00,-1.771853368531939310e+00
2.432690207154837303e-01,2.725550107045180415e-01,-5.766803714334388653e-01,-2.965769987401158936e-01,1.005434467348477190e-01,4.092451972167796548e-01,1.711047783146969481e-01,-5.599503820431017687e-01,5.273114920064433386e-01,-9.490031179708391385e-02,-2.826246865262224128e-01,1.555337154089186935e-02,8.965020989956650199e-01,-1.487593785432037574e-01,3.562501202211206808e-01,-4.979790832675071721e-01,2.102785910381688161e-01,1.278575753183736063e-01,3.285534929409664739e-01,3.479925131742275246e-01,7.114254082738080687e-02,6.656349633207158112e-01,-3.769789351605890015e-01,-3.107717917068664182e-02,-6.553753944002669307e-01,5.702492370532433519e+00,9.998008373253055581e-01,1.625750176549447090e+00,1.520596077639382315e+00,-6.181605607227243837e+00,-4.507278409683967979e+00,-5.036947396171827407e+00,6.966212198640439723e+00,-3.097390337436871199e+00,-5.372506294871849164e+00,-2.604934781192052906e+00,-7.027211839444869046e-01,-1.579556430297488490e-01,-1.151021051490191960e+00,-2.371672981730926999e+00,2.426763805667599527e+00,2.872994321880488755e-01,-7.828240348950177285e-01,2.343409546524192422e+00,2.201033230473321112e+00,2.061910695978769859e+00,1.462975968388565695e+00,0.000000000000000000e+00,-4.631655154545259556e+00,-7.068450844746386075e+00
1.846791802553729989e-01,-4.151796189782652746e-02,2.659121874846201994e-01,-3.000375394457985845e-01,9.757135855868137586e-02,5.958291759686262790e-02,7.768390135223477433e-01,-4.056606673017750797e-01,4.448719427830527540e-01,7.823804570678483117e-02,2.204757269628579985e-01,-7.501263641110804681e-01,1.941644350530458141e-01,-1.743768488636747716e-01,-2.261762113385767936e-01,3.492883525271073264e-02,3.349109540789738659e-01,-2.566732994829046266e-02,6.545615586853401613e-01,-3.241541448151286087e-02,3.863683111474893739e-01,2.813255917190232713e-01,9.463582516796276156e-02,-1.651329806367524133e-01,-6.519665659463577123e-01,3.643799013409718235e+00,3.945446976332159128e+00,-2.378122287482868469e+00,-4.284257851377812898e-01,-6.092601712894500920e+00,2.162665872172486736e+00,5.200632566002225232e+00,3.744740020432409722e+00,-4.074970921449277306e+00,3.433222090563621265e-01,1.525786521414313812e+00,1.417928227398115970e+00,3.050560232912051362e+00,-2.390350205866636379e+00,7.323234849578996730e-02,3.297754820805549159e+00,5.562295023026663898e+00,-1.461759159550705345e+00,-1.302099284098619858e+00,-3.301942108076492133e+00,-3.695228752890749480e+00,1.157659358681238926e+00,8.002522807140355354e-01,0.000000000000000000e+00,-3.429674642621067804e+00
8.627111515033295541e-01,-4.372683330961901760e-01,-2.266058997975683997e-01,-8.890916454727815221e-02,-5.023957289577640761e-02,-1.003687298658418880e-01,2.542642286783445282e-01,4.017703646039416654e-02,4.895449656810272332e-01,-3.883607391410347498e-01,-6.606918257146510154e-02,-2.277250092008635818e-01,7.485673519591146130e-01,2.303869938404226048e-01,-5.419092062151442679e-01,2.698742644759434262e-01,2.652670977659660201e-01,8.638091579134918874e-01,5.739884858445378768e-01,1.477180228501168147e-01,-7.092854157595063214e-02,8.381751025205490535e-01,2.384522537618062321e-01,6.422645665576853791e-02,-8.368993639347386271e-01,4.363347103811637595e+00,1.326208181695092136e+00,-2.844753689378668682e+00,1.109944568519198427e+00,8.505627688379502338e-01,-3.307954881666105074e+00,7.662517787898326382e-01,1.028670697918679977e+01,-3.150090236110340669e+00,-3.871011869347311674e-01,-1.403320077570322955e+00,-2.644208512867127769e+00,-1.751312594416373436e+00,6.795560391843663339e+00,-1.515452468121058160e+00,-1.862061748416929952e-01,3.133827886148839337e+00,-1.386752200792248146e+00,-1.230153374775685649e+00,9.003748801749313913e+00,-5.252099624161363778e+00,4.985875034931282812e+00,-2.808212067885687446e+00,-4.776140071588359959e+00,0.000000000000000000e+00
